year_id,year_name,quarter_id,quarter_name,month_id,month_name,day_id,day_name,date_key,hierarchy
2024,2024年,2024Q1,2024年Q1,202401,2024-01,20240101,2024-01-01,20240101,2024年/2024年Q1/2024-01/2024-01-01
2024,2024年,2024Q1,2024年Q1,202401,2024-01,20240102,2024-01-02,20240102,2024年/2024年Q1/2024-01/2024-01-02
2024,2024年,2024Q1,2024年Q1,202401,2024-01,20240103,2024-01-03,20240103,2024年/2024年Q1/2024-01/2024-01-03
2024,2024年,2024Q1,2024年Q1,202401,2024-01,20240104,2024-01-04,20240104,2024年/2024年Q1/2024-01/2024-01-04
2024,2024年,2024Q1,2024年Q1,202401,2024-01,20240105,2024-01-05,20240105,2024年/2024年Q1/2024-01/2024-01-05
2024,2024年,2024Q1,2024年Q1,202401,2024-01,20240106,2024-01-06,20240106,2024年/2024年Q1/2024-01/2024-01-06
2024,2024年,2024Q1,2024年Q1,202401,2024-01,20240107,2024-01-07,20240107,2024年/2024年Q1/2024-01/2024-01-07
2024,2024年,2024Q1,2024年Q1,202401,2024-01,20240108,2024-01-08,20240108,2024年/2024年Q1/2024-01/2024-01-08
2024,2024年,2024Q1,2024年Q1,202401,2024-01,20240109,2024-01-09,20240109,2024年/2024年Q1/2024-01/2024-01-09
2024,2024年,2024Q1,2024年Q1,202401,2024-01,20240110,2024-01-10,20240110,2024年/2024年Q1/2024-01/2024-01-10
2024,2024年,2024Q1,2024年Q1,202401,2024-01,20240111,2024-01-11,20240111,2024年/2024年Q1/2024-01/2024-01-11
2024,2024年,2024Q1,2024年Q1,202401,2024-01,20240112,2024-01-12,20240112,2024年/2024年Q1/2024-01/2024-01-12
2024,2024年,2024Q1,2024年Q1,202401,2024-01,20240113,2024-01-13,20240113,2024年/2024年Q1/2024-01/2024-01-13
2024,2024年,2024Q1,2024年Q1,202401,2024-01,20240114,2024-01-14,20240114,2024年/2024年Q1/2024-01/2024-01-14
2024,2024年,2024Q1,2024年Q1,202401,2024-01,20240115,2024-01-15,20240115,2024年/2024年Q1/2024-01/2024-01-15
2024,2024年,2024Q1,2024年Q1,202401,2024-01,20240116,2024-01-16,20240116,2024年/2024年Q1/2024-01/2024-01-16
2024,2024年,2024Q1,2024年Q1,202401,2024-01,20240117,2024-01-17,20240117,2024年/2024年Q1/2024-01/2024-01-17
2024,2024年,2024Q1,2024年Q1,202401,2024-01,20240118,2024-01-18,20240118,2024年/2024年Q1/2024-01/2024-01-18
2024,2024年,2024Q1,2024年Q1,202401,2024-01,20240119,2024-01-19,20240119,2024年/2024年Q1/2024-01/2024-01-19
2024,2024年,2024Q1,2024年Q1,202401,2024-01,20240120,2024-01-20,20240120,2024年/2024年Q1/2024-01/2024-01-20
2024,2024年,2024Q1,2024年Q1,202401,2024-01,20240121,2024-01-21,20240121,2024年/2024年Q1/2024-01/2024-01-21
2024,2024年,2024Q1,2024年Q1,202401,2024-01,20240122,2024-01-22,20240122,2024年/2024年Q1/2024-01/2024-01-22
2024,2024年,2024Q1,2024年Q1,202401,2024-01,20240123,2024-01-23,20240123,2024年/2024年Q1/2024-01/2024-01-23
2024,2024年,2024Q1,2024年Q1,202401,2024-01,20240124,2024-01-24,20240124,2024年/2024年Q1/2024-01/2024-01-24
2024,2024年,2024Q1,2024年Q1,202401,2024-01,20240125,2024-01-25,20240125,2024年/2024年Q1/2024-01/2024-01-25
2024,2024年,2024Q1,2024年Q1,202401,2024-01,20240126,2024-01-26,20240126,2024年/2024年Q1/2024-01/2024-01-26
2024,2024年,2024Q1,2024年Q1,202401,2024-01,20240127,2024-01-27,20240127,2024年/2024年Q1/2024-01/2024-01-27
2024,2024年,2024Q1,2024年Q1,202401,2024-01,20240128,2024-01-28,20240128,2024年/2024年Q1/2024-01/2024-01-28
2024,2024年,2024Q1,2024年Q1,202401,2024-01,20240129,2024-01-29,20240129,2024年/2024年Q1/2024-01/2024-01-29
2024,2024年,2024Q1,2024年Q1,202401,2024-01,20240130,2024-01-30,20240130,2024年/2024年Q1/2024-01/2024-01-30
2024,2024年,2024Q1,2024年Q1,202401,2024-01,20240131,2024-01-31,20240131,2024年/2024年Q1/2024-01/2024-01-31
2024,2024年,2024Q1,2024年Q1,202402,2024-02,20240201,2024-02-01,20240201,2024年/2024年Q1/2024-02/2024-02-01
2024,2024年,2024Q1,2024年Q1,202402,2024-02,20240202,2024-02-02,20240202,2024年/2024年Q1/2024-02/2024-02-02
2024,2024年,2024Q1,2024年Q1,202402,2024-02,20240203,2024-02-03,20240203,2024年/2024年Q1/2024-02/2024-02-03
2024,2024年,2024Q1,2024年Q1,202402,2024-02,20240204,2024-02-04,20240204,2024年/2024年Q1/2024-02/2024-02-04
2024,2024年,2024Q1,2024年Q1,202402,2024-02,20240205,2024-02-05,20240205,2024年/2024年Q1/2024-02/2024-02-05
2024,2024年,2024Q1,2024年Q1,202402,2024-02,20240206,2024-02-06,20240206,2024年/2024年Q1/2024-02/2024-02-06
2024,2024年,2024Q1,2024年Q1,202402,2024-02,20240207,2024-02-07,20240207,2024年/2024年Q1/2024-02/2024-02-07
2024,2024年,2024Q1,2024年Q1,202402,2024-02,20240208,2024-02-08,20240208,2024年/2024年Q1/2024-02/2024-02-08
2024,2024年,2024Q1,2024年Q1,202402,2024-02,20240209,2024-02-09,20240209,2024年/2024年Q1/2024-02/2024-02-09
2024,2024年,2024Q1,2024年Q1,202402,2024-02,20240210,2024-02-10,20240210,2024年/2024年Q1/2024-02/2024-02-10
2024,2024年,2024Q1,2024年Q1,202402,2024-02,20240211,2024-02-11,20240211,2024年/2024年Q1/2024-02/2024-02-11
2024,2024年,2024Q1,2024年Q1,202402,2024-02,20240212,2024-02-12,20240212,2024年/2024年Q1/2024-02/2024-02-12
2024,2024年,2024Q1,2024年Q1,202402,2024-02,20240213,2024-02-13,20240213,2024年/2024年Q1/2024-02/2024-02-13
2024,2024年,2024Q1,2024年Q1,202402,2024-02,20240214,2024-02-14,20240214,2024年/2024年Q1/2024-02/2024-02-14
2024,2024年,2024Q1,2024年Q1,202402,2024-02,20240215,2024-02-15,20240215,2024年/2024年Q1/2024-02/2024-02-15
2024,2024年,2024Q1,2024年Q1,202402,2024-02,20240216,2024-02-16,20240216,2024年/2024年Q1/2024-02/2024-02-16
2024,2024年,2024Q1,2024年Q1,202402,2024-02,20240217,2024-02-17,20240217,2024年/2024年Q1/2024-02/2024-02-17
2024,2024年,2024Q1,2024年Q1,202402,2024-02,20240218,2024-02-18,20240218,2024年/2024年Q1/2024-02/2024-02-18
2024,2024年,2024Q1,2024年Q1,202402,2024-02,20240219,2024-02-19,20240219,2024年/2024年Q1/2024-02/2024-02-19
2024,2024年,2024Q1,2024年Q1,202402,2024-02,20240220,2024-02-20,20240220,2024年/2024年Q1/2024-02/2024-02-20
2024,2024年,2024Q1,2024年Q1,202402,2024-02,20240221,2024-02-21,20240221,2024年/2024年Q1/2024-02/2024-02-21
2024,2024年,2024Q1,2024年Q1,202402,2024-02,20240222,2024-02-22,20240222,2024年/2024年Q1/2024-02/2024-02-22
2024,2024年,2024Q1,2024年Q1,202402,2024-02,20240223,2024-02-23,20240223,2024年/2024年Q1/2024-02/2024-02-23
2024,2024年,2024Q1,2024年Q1,202402,2024-02,20240224,2024-02-24,20240224,2024年/2024年Q1/2024-02/2024-02-24
2024,2024年,2024Q1,2024年Q1,202402,2024-02,20240225,2024-02-25,20240225,2024年/2024年Q1/2024-02/2024-02-25
2024,2024年,2024Q1,2024年Q1,202402,2024-02,20240226,2024-02-26,20240226,2024年/2024年Q1/2024-02/2024-02-26
2024,2024年,2024Q1,2024年Q1,202402,2024-02,20240227,2024-02-27,20240227,2024年/2024年Q1/2024-02/2024-02-27
2024,2024年,2024Q1,2024年Q1,202402,2024-02,20240228,2024-02-28,20240228,2024年/2024年Q1/2024-02/2024-02-28
2024,2024年,2024Q1,2024年Q1,202402,2024-02,20240229,2024-02-29,20240229,2024年/2024年Q1/2024-02/2024-02-29
2024,2024年,2024Q1,2024年Q1,202403,2024-03,20240301,2024-03-01,20240301,2024年/2024年Q1/2024-03/2024-03-01
2024,2024年,2024Q1,2024年Q1,202403,2024-03,20240302,2024-03-02,20240302,2024年/2024年Q1/2024-03/2024-03-02
2024,2024年,2024Q1,2024年Q1,202403,2024-03,20240303,2024-03-03,20240303,2024年/2024年Q1/2024-03/2024-03-03
2024,2024年,2024Q1,2024年Q1,202403,2024-03,20240304,2024-03-04,20240304,2024年/2024年Q1/2024-03/2024-03-04
2024,2024年,2024Q1,2024年Q1,202403,2024-03,20240305,2024-03-05,20240305,2024年/2024年Q1/2024-03/2024-03-05
2024,2024年,2024Q1,2024年Q1,202403,2024-03,20240306,2024-03-06,20240306,2024年/2024年Q1/2024-03/2024-03-06
2024,2024年,2024Q1,2024年Q1,202403,2024-03,20240307,2024-03-07,20240307,2024年/2024年Q1/2024-03/2024-03-07
2024,2024年,2024Q1,2024年Q1,202403,2024-03,20240308,2024-03-08,20240308,2024年/2024年Q1/2024-03/2024-03-08
2024,2024年,2024Q1,2024年Q1,202403,2024-03,20240309,2024-03-09,20240309,2024年/2024年Q1/2024-03/2024-03-09
2024,2024年,2024Q1,2024年Q1,202403,2024-03,20240310,2024-03-10,20240310,2024年/2024年Q1/2024-03/2024-03-10
2024,2024年,2024Q1,2024年Q1,202403,2024-03,20240311,2024-03-11,20240311,2024年/2024年Q1/2024-03/2024-03-11
2024,2024年,2024Q1,2024年Q1,202403,2024-03,20240312,2024-03-12,20240312,2024年/2024年Q1/2024-03/2024-03-12
2024,2024年,2024Q1,2024年Q1,202403,2024-03,20240313,2024-03-13,20240313,2024年/2024年Q1/2024-03/2024-03-13
2024,2024年,2024Q1,2024年Q1,202403,2024-03,20240314,2024-03-14,20240314,2024年/2024年Q1/2024-03/2024-03-14
2024,2024年,2024Q1,2024年Q1,202403,2024-03,20240315,2024-03-15,20240315,2024年/2024年Q1/2024-03/2024-03-15
2024,2024年,2024Q1,2024年Q1,202403,2024-03,20240316,2024-03-16,20240316,2024年/2024年Q1/2024-03/2024-03-16
2024,2024年,2024Q1,2024年Q1,202403,2024-03,20240317,2024-03-17,20240317,2024年/2024年Q1/2024-03/2024-03-17
2024,2024年,2024Q1,2024年Q1,202403,2024-03,20240318,2024-03-18,20240318,2024年/2024年Q1/2024-03/2024-03-18
2024,2024年,2024Q1,2024年Q1,202403,2024-03,20240319,2024-03-19,20240319,2024年/2024年Q1/2024-03/2024-03-19
2024,2024年,2024Q1,2024年Q1,202403,2024-03,20240320,2024-03-20,20240320,2024年/2024年Q1/2024-03/2024-03-20
2024,2024年,2024Q1,2024年Q1,202403,2024-03,20240321,2024-03-21,20240321,2024年/2024年Q1/2024-03/2024-03-21
2024,2024年,2024Q1,2024年Q1,202403,2024-03,20240322,2024-03-22,20240322,2024年/2024年Q1/2024-03/2024-03-22
2024,2024年,2024Q1,2024年Q1,202403,2024-03,20240323,2024-03-23,20240323,2024年/2024年Q1/2024-03/2024-03-23
2024,2024年,2024Q1,2024年Q1,202403,2024-03,20240324,2024-03-24,20240324,2024年/2024年Q1/2024-03/2024-03-24
2024,2024年,2024Q1,2024年Q1,202403,2024-03,20240325,2024-03-25,20240325,2024年/2024年Q1/2024-03/2024-03-25
2024,2024年,2024Q1,2024年Q1,202403,2024-03,20240326,2024-03-26,20240326,2024年/2024年Q1/2024-03/2024-03-26
2024,2024年,2024Q1,2024年Q1,202403,2024-03,20240327,2024-03-27,20240327,2024年/2024年Q1/2024-03/2024-03-27
2024,2024年,2024Q1,2024年Q1,202403,2024-03,20240328,2024-03-28,20240328,2024年/2024年Q1/2024-03/2024-03-28
2024,2024年,2024Q1,2024年Q1,202403,2024-03,20240329,2024-03-29,20240329,2024年/2024年Q1/2024-03/2024-03-29
2024,2024年,2024Q1,2024年Q1,202403,2024-03,20240330,2024-03-30,20240330,2024年/2024年Q1/2024-03/2024-03-30
2024,2024年,2024Q1,2024年Q1,202403,2024-03,20240331,2024-03-31,20240331,2024年/2024年Q1/2024-03/2024-03-31
2024,2024年,2024Q2,2024年Q2,202404,2024-04,20240401,2024-04-01,20240401,2024年/2024年Q2/2024-04/2024-04-01
2024,2024年,2024Q2,2024年Q2,202404,2024-04,20240402,2024-04-02,20240402,2024年/2024年Q2/2024-04/2024-04-02
2024,2024年,2024Q2,2024年Q2,202404,2024-04,20240403,2024-04-03,20240403,2024年/2024年Q2/2024-04/2024-04-03
2024,2024年,2024Q2,2024年Q2,202404,2024-04,20240404,2024-04-04,20240404,2024年/2024年Q2/2024-04/2024-04-04
2024,2024年,2024Q2,2024年Q2,202404,2024-04,20240405,2024-04-05,20240405,2024年/2024年Q2/2024-04/2024-04-05
2024,2024年,2024Q2,2024年Q2,202404,2024-04,20240406,2024-04-06,20240406,2024年/2024年Q2/2024-04/2024-04-06
2024,2024年,2024Q2,2024年Q2,202404,2024-04,20240407,2024-04-07,20240407,2024年/2024年Q2/2024-04/2024-04-07
2024,2024年,2024Q2,2024年Q2,202404,2024-04,20240408,2024-04-08,20240408,2024年/2024年Q2/2024-04/2024-04-08
2024,2024年,2024Q2,2024年Q2,202404,2024-04,20240409,2024-04-09,20240409,2024年/2024年Q2/2024-04/2024-04-09
2024,2024年,2024Q2,2024年Q2,202404,2024-04,20240410,2024-04-10,20240410,2024年/2024年Q2/2024-04/2024-04-10
2024,2024年,2024Q2,2024年Q2,202404,2024-04,20240411,2024-04-11,20240411,2024年/2024年Q2/2024-04/2024-04-11
2024,2024年,2024Q2,2024年Q2,202404,2024-04,20240412,2024-04-12,20240412,2024年/2024年Q2/2024-04/2024-04-12
2024,2024年,2024Q2,2024年Q2,202404,2024-04,20240413,2024-04-13,20240413,2024年/2024年Q2/2024-04/2024-04-13
2024,2024年,2024Q2,2024年Q2,202404,2024-04,20240414,2024-04-14,20240414,2024年/2024年Q2/2024-04/2024-04-14
2024,2024年,2024Q2,2024年Q2,202404,2024-04,20240415,2024-04-15,20240415,2024年/2024年Q2/2024-04/2024-04-15
2024,2024年,2024Q2,2024年Q2,202404,2024-04,20240416,2024-04-16,20240416,2024年/2024年Q2/2024-04/2024-04-16
2024,2024年,2024Q2,2024年Q2,202404,2024-04,20240417,2024-04-17,20240417,2024年/2024年Q2/2024-04/2024-04-17
2024,2024年,2024Q2,2024年Q2,202404,2024-04,20240418,2024-04-18,20240418,2024年/2024年Q2/2024-04/2024-04-18
2024,2024年,2024Q2,2024年Q2,202404,2024-04,20240419,2024-04-19,20240419,2024年/2024年Q2/2024-04/2024-04-19
2024,2024年,2024Q2,2024年Q2,202404,2024-04,20240420,2024-04-20,20240420,2024年/2024年Q2/2024-04/2024-04-20
2024,2024年,2024Q2,2024年Q2,202404,2024-04,20240421,2024-04-21,20240421,2024年/2024年Q2/2024-04/2024-04-21
2024,2024年,2024Q2,2024年Q2,202404,2024-04,20240422,2024-04-22,20240422,2024年/2024年Q2/2024-04/2024-04-22
2024,2024年,2024Q2,2024年Q2,202404,2024-04,20240423,2024-04-23,20240423,2024年/2024年Q2/2024-04/2024-04-23
2024,2024年,2024Q2,2024年Q2,202404,2024-04,20240424,2024-04-24,20240424,2024年/2024年Q2/2024-04/2024-04-24
2024,2024年,2024Q2,2024年Q2,202404,2024-04,20240425,2024-04-25,20240425,2024年/2024年Q2/2024-04/2024-04-25
2024,2024年,2024Q2,2024年Q2,202404,2024-04,20240426,2024-04-26,20240426,2024年/2024年Q2/2024-04/2024-04-26
2024,2024年,2024Q2,2024年Q2,202404,2024-04,20240427,2024-04-27,20240427,2024年/2024年Q2/2024-04/2024-04-27
2024,2024年,2024Q2,2024年Q2,202404,2024-04,20240428,2024-04-28,20240428,2024年/2024年Q2/2024-04/2024-04-28
2024,2024年,2024Q2,2024年Q2,202404,2024-04,20240429,2024-04-29,20240429,2024年/2024年Q2/2024-04/2024-04-29
2024,2024年,2024Q2,2024年Q2,202404,2024-04,20240430,2024-04-30,20240430,2024年/2024年Q2/2024-04/2024-04-30
2024,2024年,2024Q2,2024年Q2,202405,2024-05,20240501,2024-05-01,20240501,2024年/2024年Q2/2024-05/2024-05-01
2024,2024年,2024Q2,2024年Q2,202405,2024-05,20240502,2024-05-02,20240502,2024年/2024年Q2/2024-05/2024-05-02
2024,2024年,2024Q2,2024年Q2,202405,2024-05,20240503,2024-05-03,20240503,2024年/2024年Q2/2024-05/2024-05-03
2024,2024年,2024Q2,2024年Q2,202405,2024-05,20240504,2024-05-04,20240504,2024年/2024年Q2/2024-05/2024-05-04
2024,2024年,2024Q2,2024年Q2,202405,2024-05,20240505,2024-05-05,20240505,2024年/2024年Q2/2024-05/2024-05-05
2024,2024年,2024Q2,2024年Q2,202405,2024-05,20240506,2024-05-06,20240506,2024年/2024年Q2/2024-05/2024-05-06
2024,2024年,2024Q2,2024年Q2,202405,2024-05,20240507,2024-05-07,20240507,2024年/2024年Q2/2024-05/2024-05-07
2024,2024年,2024Q2,2024年Q2,202405,2024-05,20240508,2024-05-08,20240508,2024年/2024年Q2/2024-05/2024-05-08
2024,2024年,2024Q2,2024年Q2,202405,2024-05,20240509,2024-05-09,20240509,2024年/2024年Q2/2024-05/2024-05-09
2024,2024年,2024Q2,2024年Q2,202405,2024-05,20240510,2024-05-10,20240510,2024年/2024年Q2/2024-05/2024-05-10
2024,2024年,2024Q2,2024年Q2,202405,2024-05,20240511,2024-05-11,20240511,2024年/2024年Q2/2024-05/2024-05-11
2024,2024年,2024Q2,2024年Q2,202405,2024-05,20240512,2024-05-12,20240512,2024年/2024年Q2/2024-05/2024-05-12
2024,2024年,2024Q2,2024年Q2,202405,2024-05,20240513,2024-05-13,20240513,2024年/2024年Q2/2024-05/2024-05-13
2024,2024年,2024Q2,2024年Q2,202405,2024-05,20240514,2024-05-14,20240514,2024年/2024年Q2/2024-05/2024-05-14
2024,2024年,2024Q2,2024年Q2,202405,2024-05,20240515,2024-05-15,20240515,2024年/2024年Q2/2024-05/2024-05-15
2024,2024年,2024Q2,2024年Q2,202405,2024-05,20240516,2024-05-16,20240516,2024年/2024年Q2/2024-05/2024-05-16
2024,2024年,2024Q2,2024年Q2,202405,2024-05,20240517,2024-05-17,20240517,2024年/2024年Q2/2024-05/2024-05-17
2024,2024年,2024Q2,2024年Q2,202405,2024-05,20240518,2024-05-18,20240518,2024年/2024年Q2/2024-05/2024-05-18
2024,2024年,2024Q2,2024年Q2,202405,2024-05,20240519,2024-05-19,20240519,2024年/2024年Q2/2024-05/2024-05-19
2024,2024年,2024Q2,2024年Q2,202405,2024-05,20240520,2024-05-20,20240520,2024年/2024年Q2/2024-05/2024-05-20
2024,2024年,2024Q2,2024年Q2,202405,2024-05,20240521,2024-05-21,20240521,2024年/2024年Q2/2024-05/2024-05-21
2024,2024年,2024Q2,2024年Q2,202405,2024-05,20240522,2024-05-22,20240522,2024年/2024年Q2/2024-05/2024-05-22
2024,2024年,2024Q2,2024年Q2,202405,2024-05,20240523,2024-05-23,20240523,2024年/2024年Q2/2024-05/2024-05-23
2024,2024年,2024Q2,2024年Q2,202405,2024-05,20240524,2024-05-24,20240524,2024年/2024年Q2/2024-05/2024-05-24
2024,2024年,2024Q2,2024年Q2,202405,2024-05,20240525,2024-05-25,20240525,2024年/2024年Q2/2024-05/2024-05-25
2024,2024年,2024Q2,2024年Q2,202405,2024-05,20240526,2024-05-26,20240526,2024年/2024年Q2/2024-05/2024-05-26
2024,2024年,2024Q2,2024年Q2,202405,2024-05,20240527,2024-05-27,20240527,2024年/2024年Q2/2024-05/2024-05-27
2024,2024年,2024Q2,2024年Q2,202405,2024-05,20240528,2024-05-28,20240528,2024年/2024年Q2/2024-05/2024-05-28
2024,2024年,2024Q2,2024年Q2,202405,2024-05,20240529,2024-05-29,20240529,2024年/2024年Q2/2024-05/2024-05-29
2024,2024年,2024Q2,2024年Q2,202405,2024-05,20240530,2024-05-30,20240530,2024年/2024年Q2/2024-05/2024-05-30
2024,2024年,2024Q2,2024年Q2,202405,2024-05,20240531,2024-05-31,20240531,2024年/2024年Q2/2024-05/2024-05-31
2024,2024年,2024Q2,2024年Q2,202406,2024-06,20240601,2024-06-01,20240601,2024年/2024年Q2/2024-06/2024-06-01
2024,2024年,2024Q2,2024年Q2,202406,2024-06,20240602,2024-06-02,20240602,2024年/2024年Q2/2024-06/2024-06-02
2024,2024年,2024Q2,2024年Q2,202406,2024-06,20240603,2024-06-03,20240603,2024年/2024年Q2/2024-06/2024-06-03
2024,2024年,2024Q2,2024年Q2,202406,2024-06,20240604,2024-06-04,20240604,2024年/2024年Q2/2024-06/2024-06-04
2024,2024年,2024Q2,2024年Q2,202406,2024-06,20240605,2024-06-05,20240605,2024年/2024年Q2/2024-06/2024-06-05
2024,2024年,2024Q2,2024年Q2,202406,2024-06,20240606,2024-06-06,20240606,2024年/2024年Q2/2024-06/2024-06-06
2024,2024年,2024Q2,2024年Q2,202406,2024-06,20240607,2024-06-07,20240607,2024年/2024年Q2/2024-06/2024-06-07
2024,2024年,2024Q2,2024年Q2,202406,2024-06,20240608,2024-06-08,20240608,2024年/2024年Q2/2024-06/2024-06-08
2024,2024年,2024Q2,2024年Q2,202406,2024-06,20240609,2024-06-09,20240609,2024年/2024年Q2/2024-06/2024-06-09
2024,2024年,2024Q2,2024年Q2,202406,2024-06,20240610,2024-06-10,20240610,2024年/2024年Q2/2024-06/2024-06-10
2024,2024年,2024Q2,2024年Q2,202406,2024-06,20240611,2024-06-11,20240611,2024年/2024年Q2/2024-06/2024-06-11
2024,2024年,2024Q2,2024年Q2,202406,2024-06,20240612,2024-06-12,20240612,2024年/2024年Q2/2024-06/2024-06-12
2024,2024年,2024Q2,2024年Q2,202406,2024-06,20240613,2024-06-13,20240613,2024年/2024年Q2/2024-06/2024-06-13
2024,2024年,2024Q2,2024年Q2,202406,2024-06,20240614,2024-06-14,20240614,2024年/2024年Q2/2024-06/2024-06-14
2024,2024年,2024Q2,2024年Q2,202406,2024-06,20240615,2024-06-15,20240615,2024年/2024年Q2/2024-06/2024-06-15
2024,2024年,2024Q2,2024年Q2,202406,2024-06,20240616,2024-06-16,20240616,2024年/2024年Q2/2024-06/2024-06-16
2024,2024年,2024Q2,2024年Q2,202406,2024-06,20240617,2024-06-17,20240617,2024年/2024年Q2/2024-06/2024-06-17
2024,2024年,2024Q2,2024年Q2,202406,2024-06,20240618,2024-06-18,20240618,2024年/2024年Q2/2024-06/2024-06-18
2024,2024年,2024Q2,2024年Q2,202406,2024-06,20240619,2024-06-19,20240619,2024年/2024年Q2/2024-06/2024-06-19
2024,2024年,2024Q2,2024年Q2,202406,2024-06,20240620,2024-06-20,20240620,2024年/2024年Q2/2024-06/2024-06-20
2024,2024年,2024Q2,2024年Q2,202406,2024-06,20240621,2024-06-21,20240621,2024年/2024年Q2/2024-06/2024-06-21
2024,2024年,2024Q2,2024年Q2,202406,2024-06,20240622,2024-06-22,20240622,2024年/2024年Q2/2024-06/2024-06-22
2024,2024年,2024Q2,2024年Q2,202406,2024-06,20240623,2024-06-23,20240623,2024年/2024年Q2/2024-06/2024-06-23
2024,2024年,2024Q2,2024年Q2,202406,2024-06,20240624,2024-06-24,20240624,2024年/2024年Q2/2024-06/2024-06-24
2024,2024年,2024Q2,2024年Q2,202406,2024-06,20240625,2024-06-25,20240625,2024年/2024年Q2/2024-06/2024-06-25
2024,2024年,2024Q2,2024年Q2,202406,2024-06,20240626,2024-06-26,20240626,2024年/2024年Q2/2024-06/2024-06-26
2024,2024年,2024Q2,2024年Q2,202406,2024-06,20240627,2024-06-27,20240627,2024年/2024年Q2/2024-06/2024-06-27
2024,2024年,2024Q2,2024年Q2,202406,2024-06,20240628,2024-06-28,20240628,2024年/2024年Q2/2024-06/2024-06-28
2024,2024年,2024Q2,2024年Q2,202406,2024-06,20240629,2024-06-29,20240629,2024年/2024年Q2/2024-06/2024-06-29
2024,2024年,2024Q2,2024年Q2,202406,2024-06,20240630,2024-06-30,20240630,2024年/2024年Q2/2024-06/2024-06-30
2024,2024年,2024Q3,2024年Q3,202407,2024-07,20240701,2024-07-01,20240701,2024年/2024年Q3/2024-07/2024-07-01
2024,2024年,2024Q3,2024年Q3,202407,2024-07,20240702,2024-07-02,20240702,2024年/2024年Q3/2024-07/2024-07-02
2024,2024年,2024Q3,2024年Q3,202407,2024-07,20240703,2024-07-03,20240703,2024年/2024年Q3/2024-07/2024-07-03
2024,2024年,2024Q3,2024年Q3,202407,2024-07,20240704,2024-07-04,20240704,2024年/2024年Q3/2024-07/2024-07-04
2024,2024年,2024Q3,2024年Q3,202407,2024-07,20240705,2024-07-05,20240705,2024年/2024年Q3/2024-07/2024-07-05
2024,2024年,2024Q3,2024年Q3,202407,2024-07,20240706,2024-07-06,20240706,2024年/2024年Q3/2024-07/2024-07-06
2024,2024年,2024Q3,2024年Q3,202407,2024-07,20240707,2024-07-07,20240707,2024年/2024年Q3/2024-07/2024-07-07
2024,2024年,2024Q3,2024年Q3,202407,2024-07,20240708,2024-07-08,20240708,2024年/2024年Q3/2024-07/2024-07-08
2024,2024年,2024Q3,2024年Q3,202407,2024-07,20240709,2024-07-09,20240709,2024年/2024年Q3/2024-07/2024-07-09
2024,2024年,2024Q3,2024年Q3,202407,2024-07,20240710,2024-07-10,20240710,2024年/2024年Q3/2024-07/2024-07-10
2024,2024年,2024Q3,2024年Q3,202407,2024-07,20240711,2024-07-11,20240711,2024年/2024年Q3/2024-07/2024-07-11
2024,2024年,2024Q3,2024年Q3,202407,2024-07,20240712,2024-07-12,20240712,2024年/2024年Q3/2024-07/2024-07-12
2024,2024年,2024Q3,2024年Q3,202407,2024-07,20240713,2024-07-13,20240713,2024年/2024年Q3/2024-07/2024-07-13
2024,2024年,2024Q3,2024年Q3,202407,2024-07,20240714,2024-07-14,20240714,2024年/2024年Q3/2024-07/2024-07-14
2024,2024年,2024Q3,2024年Q3,202407,2024-07,20240715,2024-07-15,20240715,2024年/2024年Q3/2024-07/2024-07-15
2024,2024年,2024Q3,2024年Q3,202407,2024-07,20240716,2024-07-16,20240716,2024年/2024年Q3/2024-07/2024-07-16
2024,2024年,2024Q3,2024年Q3,202407,2024-07,20240717,2024-07-17,20240717,2024年/2024年Q3/2024-07/2024-07-17
2024,2024年,2024Q3,2024年Q3,202407,2024-07,20240718,2024-07-18,20240718,2024年/2024年Q3/2024-07/2024-07-18
2024,2024年,2024Q3,2024年Q3,202407,2024-07,20240719,2024-07-19,20240719,2024年/2024年Q3/2024-07/2024-07-19
2024,2024年,2024Q3,2024年Q3,202407,2024-07,20240720,2024-07-20,20240720,2024年/2024年Q3/2024-07/2024-07-20
2024,2024年,2024Q3,2024年Q3,202407,2024-07,20240721,2024-07-21,20240721,2024年/2024年Q3/2024-07/2024-07-21
2024,2024年,2024Q3,2024年Q3,202407,2024-07,20240722,2024-07-22,20240722,2024年/2024年Q3/2024-07/2024-07-22
2024,2024年,2024Q3,2024年Q3,202407,2024-07,20240723,2024-07-23,20240723,2024年/2024年Q3/2024-07/2024-07-23
2024,2024年,2024Q3,2024年Q3,202407,2024-07,20240724,2024-07-24,20240724,2024年/2024年Q3/2024-07/2024-07-24
2024,2024年,2024Q3,2024年Q3,202407,2024-07,20240725,2024-07-25,20240725,2024年/2024年Q3/2024-07/2024-07-25
2024,2024年,2024Q3,2024年Q3,202407,2024-07,20240726,2024-07-26,20240726,2024年/2024年Q3/2024-07/2024-07-26
2024,2024年,2024Q3,2024年Q3,202407,2024-07,20240727,2024-07-27,20240727,2024年/2024年Q3/2024-07/2024-07-27
2024,2024年,2024Q3,2024年Q3,202407,2024-07,20240728,2024-07-28,20240728,2024年/2024年Q3/2024-07/2024-07-28
2024,2024年,2024Q3,2024年Q3,202407,2024-07,20240729,2024-07-29,20240729,2024年/2024年Q3/2024-07/2024-07-29
2024,2024年,2024Q3,2024年Q3,202407,2024-07,20240730,2024-07-30,20240730,2024年/2024年Q3/2024-07/2024-07-30
2024,2024年,2024Q3,2024年Q3,202407,2024-07,20240731,2024-07-31,20240731,2024年/2024年Q3/2024-07/2024-07-31
2024,2024年,2024Q3,2024年Q3,202408,2024-08,20240801,2024-08-01,20240801,2024年/2024年Q3/2024-08/2024-08-01
2024,2024年,2024Q3,2024年Q3,202408,2024-08,20240802,2024-08-02,20240802,2024年/2024年Q3/2024-08/2024-08-02
2024,2024年,2024Q3,2024年Q3,202408,2024-08,20240803,2024-08-03,20240803,2024年/2024年Q3/2024-08/2024-08-03
2024,2024年,2024Q3,2024年Q3,202408,2024-08,20240804,2024-08-04,20240804,2024年/2024年Q3/2024-08/2024-08-04
2024,2024年,2024Q3,2024年Q3,202408,2024-08,20240805,2024-08-05,20240805,2024年/2024年Q3/2024-08/2024-08-05
2024,2024年,2024Q3,2024年Q3,202408,2024-08,20240806,2024-08-06,20240806,2024年/2024年Q3/2024-08/2024-08-06
2024,2024年,2024Q3,2024年Q3,202408,2024-08,20240807,2024-08-07,20240807,2024年/2024年Q3/2024-08/2024-08-07
2024,2024年,2024Q3,2024年Q3,202408,2024-08,20240808,2024-08-08,20240808,2024年/2024年Q3/2024-08/2024-08-08
2024,2024年,2024Q3,2024年Q3,202408,2024-08,20240809,2024-08-09,20240809,2024年/2024年Q3/2024-08/2024-08-09
2024,2024年,2024Q3,2024年Q3,202408,2024-08,20240810,2024-08-10,20240810,2024年/2024年Q3/2024-08/2024-08-10
2024,2024年,2024Q3,2024年Q3,202408,2024-08,20240811,2024-08-11,20240811,2024年/2024年Q3/2024-08/2024-08-11
2024,2024年,2024Q3,2024年Q3,202408,2024-08,20240812,2024-08-12,20240812,2024年/2024年Q3/2024-08/2024-08-12
2024,2024年,2024Q3,2024年Q3,202408,2024-08,20240813,2024-08-13,20240813,2024年/2024年Q3/2024-08/2024-08-13
2024,2024年,2024Q3,2024年Q3,202408,2024-08,20240814,2024-08-14,20240814,2024年/2024年Q3/2024-08/2024-08-14
2024,2024年,2024Q3,2024年Q3,202408,2024-08,20240815,2024-08-15,20240815,2024年/2024年Q3/2024-08/2024-08-15
2024,2024年,2024Q3,2024年Q3,202408,2024-08,20240816,2024-08-16,20240816,2024年/2024年Q3/2024-08/2024-08-16
2024,2024年,2024Q3,2024年Q3,202408,2024-08,20240817,2024-08-17,20240817,2024年/2024年Q3/2024-08/2024-08-17
2024,2024年,2024Q3,2024年Q3,202408,2024-08,20240818,2024-08-18,20240818,2024年/2024年Q3/2024-08/2024-08-18
2024,2024年,2024Q3,2024年Q3,202408,2024-08,20240819,2024-08-19,20240819,2024年/2024年Q3/2024-08/2024-08-19
2024,2024年,2024Q3,2024年Q3,202408,2024-08,20240820,2024-08-20,20240820,2024年/2024年Q3/2024-08/2024-08-20
2024,2024年,2024Q3,2024年Q3,202408,2024-08,20240821,2024-08-21,20240821,2024年/2024年Q3/2024-08/2024-08-21
2024,2024年,2024Q3,2024年Q3,202408,2024-08,20240822,2024-08-22,20240822,2024年/2024年Q3/2024-08/2024-08-22
2024,2024年,2024Q3,2024年Q3,202408,2024-08,20240823,2024-08-23,20240823,2024年/2024年Q3/2024-08/2024-08-23
2024,2024年,2024Q3,2024年Q3,202408,2024-08,20240824,2024-08-24,20240824,2024年/2024年Q3/2024-08/2024-08-24
2024,2024年,2024Q3,2024年Q3,202408,2024-08,20240825,2024-08-25,20240825,2024年/2024年Q3/2024-08/2024-08-25
2024,2024年,2024Q3,2024年Q3,202408,2024-08,20240826,2024-08-26,20240826,2024年/2024年Q3/2024-08/2024-08-26
2024,2024年,2024Q3,2024年Q3,202408,2024-08,20240827,2024-08-27,20240827,2024年/2024年Q3/2024-08/2024-08-27
2024,2024年,2024Q3,2024年Q3,202408,2024-08,20240828,2024-08-28,20240828,2024年/2024年Q3/2024-08/2024-08-28
2024,2024年,2024Q3,2024年Q3,202408,2024-08,20240829,2024-08-29,20240829,2024年/2024年Q3/2024-08/2024-08-29
2024,2024年,2024Q3,2024年Q3,202408,2024-08,20240830,2024-08-30,20240830,2024年/2024年Q3/2024-08/2024-08-30
2024,2024年,2024Q3,2024年Q3,202408,2024-08,20240831,2024-08-31,20240831,2024年/2024年Q3/2024-08/2024-08-31
2024,2024年,2024Q3,2024年Q3,202409,2024-09,20240901,2024-09-01,20240901,2024年/2024年Q3/2024-09/2024-09-01
2024,2024年,2024Q3,2024年Q3,202409,2024-09,20240902,2024-09-02,20240902,2024年/2024年Q3/2024-09/2024-09-02
2024,2024年,2024Q3,2024年Q3,202409,2024-09,20240903,2024-09-03,20240903,2024年/2024年Q3/2024-09/2024-09-03
2024,2024年,2024Q3,2024年Q3,202409,2024-09,20240904,2024-09-04,20240904,2024年/2024年Q3/2024-09/2024-09-04
2024,2024年,2024Q3,2024年Q3,202409,2024-09,20240905,2024-09-05,20240905,2024年/2024年Q3/2024-09/2024-09-05
2024,2024年,2024Q3,2024年Q3,202409,2024-09,20240906,2024-09-06,20240906,2024年/2024年Q3/2024-09/2024-09-06
2024,2024年,2024Q3,2024年Q3,202409,2024-09,20240907,2024-09-07,20240907,2024年/2024年Q3/2024-09/2024-09-07
2024,2024年,2024Q3,2024年Q3,202409,2024-09,20240908,2024-09-08,20240908,2024年/2024年Q3/2024-09/2024-09-08
2024,2024年,2024Q3,2024年Q3,202409,2024-09,20240909,2024-09-09,20240909,2024年/2024年Q3/2024-09/2024-09-09
2024,2024年,2024Q3,2024年Q3,202409,2024-09,20240910,2024-09-10,20240910,2024年/2024年Q3/2024-09/2024-09-10
2024,2024年,2024Q3,2024年Q3,202409,2024-09,20240911,2024-09-11,20240911,2024年/2024年Q3/2024-09/2024-09-11
2024,2024年,2024Q3,2024年Q3,202409,2024-09,20240912,2024-09-12,20240912,2024年/2024年Q3/2024-09/2024-09-12
2024,2024年,2024Q3,2024年Q3,202409,2024-09,20240913,2024-09-13,20240913,2024年/2024年Q3/2024-09/2024-09-13
2024,2024年,2024Q3,2024年Q3,202409,2024-09,20240914,2024-09-14,20240914,2024年/2024年Q3/2024-09/2024-09-14
2024,2024年,2024Q3,2024年Q3,202409,2024-09,20240915,2024-09-15,20240915,2024年/2024年Q3/2024-09/2024-09-15
2024,2024年,2024Q3,2024年Q3,202409,2024-09,20240916,2024-09-16,20240916,2024年/2024年Q3/2024-09/2024-09-16
2024,2024年,2024Q3,2024年Q3,202409,2024-09,20240917,2024-09-17,20240917,2024年/2024年Q3/2024-09/2024-09-17
2024,2024年,2024Q3,2024年Q3,202409,2024-09,20240918,2024-09-18,20240918,2024年/2024年Q3/2024-09/2024-09-18
2024,2024年,2024Q3,2024年Q3,202409,2024-09,20240919,2024-09-19,20240919,2024年/2024年Q3/2024-09/2024-09-19
2024,2024年,2024Q3,2024年Q3,202409,2024-09,20240920,2024-09-20,20240920,2024年/2024年Q3/2024-09/2024-09-20
2024,2024年,2024Q3,2024年Q3,202409,2024-09,20240921,2024-09-21,20240921,2024年/2024年Q3/2024-09/2024-09-21
2024,2024年,2024Q3,2024年Q3,202409,2024-09,20240922,2024-09-22,20240922,2024年/2024年Q3/2024-09/2024-09-22
2024,2024年,2024Q3,2024年Q3,202409,2024-09,20240923,2024-09-23,20240923,2024年/2024年Q3/2024-09/2024-09-23
2024,2024年,2024Q3,2024年Q3,202409,2024-09,20240924,2024-09-24,20240924,2024年/2024年Q3/2024-09/2024-09-24
2024,2024年,2024Q3,2024年Q3,202409,2024-09,20240925,2024-09-25,20240925,2024年/2024年Q3/2024-09/2024-09-25
2024,2024年,2024Q3,2024年Q3,202409,2024-09,20240926,2024-09-26,20240926,2024年/2024年Q3/2024-09/2024-09-26
2024,2024年,2024Q3,2024年Q3,202409,2024-09,20240927,2024-09-27,20240927,2024年/2024年Q3/2024-09/2024-09-27
2024,2024年,2024Q3,2024年Q3,202409,2024-09,20240928,2024-09-28,20240928,2024年/2024年Q3/2024-09/2024-09-28
2024,2024年,2024Q3,2024年Q3,202409,2024-09,20240929,2024-09-29,20240929,2024年/2024年Q3/2024-09/2024-09-29
2024,2024年,2024Q3,2024年Q3,202409,2024-09,20240930,2024-09-30,20240930,2024年/2024年Q3/2024-09/2024-09-30
2024,2024年,2024Q4,2024年Q4,202410,2024-10,20241001,2024-10-01,20241001,2024年/2024年Q4/2024-10/2024-10-01
2024,2024年,2024Q4,2024年Q4,202410,2024-10,20241002,2024-10-02,20241002,2024年/2024年Q4/2024-10/2024-10-02
2024,2024年,2024Q4,2024年Q4,202410,2024-10,20241003,2024-10-03,20241003,2024年/2024年Q4/2024-10/2024-10-03
2024,2024年,2024Q4,2024年Q4,202410,2024-10,20241004,2024-10-04,20241004,2024年/2024年Q4/2024-10/2024-10-04
2024,2024年,2024Q4,2024年Q4,202410,2024-10,20241005,2024-10-05,20241005,2024年/2024年Q4/2024-10/2024-10-05
2024,2024年,2024Q4,2024年Q4,202410,2024-10,20241006,2024-10-06,20241006,2024年/2024年Q4/2024-10/2024-10-06
2024,2024年,2024Q4,2024年Q4,202410,2024-10,20241007,2024-10-07,20241007,2024年/2024年Q4/2024-10/2024-10-07
2024,2024年,2024Q4,2024年Q4,202410,2024-10,20241008,2024-10-08,20241008,2024年/2024年Q4/2024-10/2024-10-08
2024,2024年,2024Q4,2024年Q4,202410,2024-10,20241009,2024-10-09,20241009,2024年/2024年Q4/2024-10/2024-10-09
2024,2024年,2024Q4,2024年Q4,202410,2024-10,20241010,2024-10-10,20241010,2024年/2024年Q4/2024-10/2024-10-10
2024,2024年,2024Q4,2024年Q4,202410,2024-10,20241011,2024-10-11,20241011,2024年/2024年Q4/2024-10/2024-10-11
2024,2024年,2024Q4,2024年Q4,202410,2024-10,20241012,2024-10-12,20241012,2024年/2024年Q4/2024-10/2024-10-12
2024,2024年,2024Q4,2024年Q4,202410,2024-10,20241013,2024-10-13,20241013,2024年/2024年Q4/2024-10/2024-10-13
2024,2024年,2024Q4,2024年Q4,202410,2024-10,20241014,2024-10-14,20241014,2024年/2024年Q4/2024-10/2024-10-14
2024,2024年,2024Q4,2024年Q4,202410,2024-10,20241015,2024-10-15,20241015,2024年/2024年Q4/2024-10/2024-10-15
2024,2024年,2024Q4,2024年Q4,202410,2024-10,20241016,2024-10-16,20241016,2024年/2024年Q4/2024-10/2024-10-16
2024,2024年,2024Q4,2024年Q4,202410,2024-10,20241017,2024-10-17,20241017,2024年/2024年Q4/2024-10/2024-10-17
2024,2024年,2024Q4,2024年Q4,202410,2024-10,20241018,2024-10-18,20241018,2024年/2024年Q4/2024-10/2024-10-18
2024,2024年,2024Q4,2024年Q4,202410,2024-10,20241019,2024-10-19,20241019,2024年/2024年Q4/2024-10/2024-10-19
2024,2024年,2024Q4,2024年Q4,202410,2024-10,20241020,2024-10-20,20241020,2024年/2024年Q4/2024-10/2024-10-20
2024,2024年,2024Q4,2024年Q4,202410,2024-10,20241021,2024-10-21,20241021,2024年/2024年Q4/2024-10/2024-10-21
2024,2024年,2024Q4,2024年Q4,202410,2024-10,20241022,2024-10-22,20241022,2024年/2024年Q4/2024-10/2024-10-22
2024,2024年,2024Q4,2024年Q4,202410,2024-10,20241023,2024-10-23,20241023,2024年/2024年Q4/2024-10/2024-10-23
2024,2024年,2024Q4,2024年Q4,202410,2024-10,20241024,2024-10-24,20241024,2024年/2024年Q4/2024-10/2024-10-24
2024,2024年,2024Q4,2024年Q4,202410,2024-10,20241025,2024-10-25,20241025,2024年/2024年Q4/2024-10/2024-10-25
2024,2024年,2024Q4,2024年Q4,202410,2024-10,20241026,2024-10-26,20241026,2024年/2024年Q4/2024-10/2024-10-26
2024,2024年,2024Q4,2024年Q4,202410,2024-10,20241027,2024-10-27,20241027,2024年/2024年Q4/2024-10/2024-10-27
2024,2024年,2024Q4,2024年Q4,202410,2024-10,20241028,2024-10-28,20241028,2024年/2024年Q4/2024-10/2024-10-28
2024,2024年,2024Q4,2024年Q4,202410,2024-10,20241029,2024-10-29,20241029,2024年/2024年Q4/2024-10/2024-10-29
2024,2024年,2024Q4,2024年Q4,202410,2024-10,20241030,2024-10-30,20241030,2024年/2024年Q4/2024-10/2024-10-30
2024,2024年,2024Q4,2024年Q4,202410,2024-10,20241031,2024-10-31,20241031,2024年/2024年Q4/2024-10/2024-10-31
2024,2024年,2024Q4,2024年Q4,202411,2024-11,20241101,2024-11-01,20241101,2024年/2024年Q4/2024-11/2024-11-01
2024,2024年,2024Q4,2024年Q4,202411,2024-11,20241102,2024-11-02,20241102,2024年/2024年Q4/2024-11/2024-11-02
2024,2024年,2024Q4,2024年Q4,202411,2024-11,20241103,2024-11-03,20241103,2024年/2024年Q4/2024-11/2024-11-03
2024,2024年,2024Q4,2024年Q4,202411,2024-11,20241104,2024-11-04,20241104,2024年/2024年Q4/2024-11/2024-11-04
2024,2024年,2024Q4,2024年Q4,202411,2024-11,20241105,2024-11-05,20241105,2024年/2024年Q4/2024-11/2024-11-05
2024,2024年,2024Q4,2024年Q4,202411,2024-11,20241106,2024-11-06,20241106,2024年/2024年Q4/2024-11/2024-11-06
2024,2024年,2024Q4,2024年Q4,202411,2024-11,20241107,2024-11-07,20241107,2024年/2024年Q4/2024-11/2024-11-07
2024,2024年,2024Q4,2024年Q4,202411,2024-11,20241108,2024-11-08,20241108,2024年/2024年Q4/2024-11/2024-11-08
2024,2024年,2024Q4,2024年Q4,202411,2024-11,20241109,2024-11-09,20241109,2024年/2024年Q4/2024-11/2024-11-09
2024,2024年,2024Q4,2024年Q4,202411,2024-11,20241110,2024-11-10,20241110,2024年/2024年Q4/2024-11/2024-11-10
2024,2024年,2024Q4,2024年Q4,202411,2024-11,20241111,2024-11-11,20241111,2024年/2024年Q4/2024-11/2024-11-11
2024,2024年,2024Q4,2024年Q4,202411,2024-11,20241112,2024-11-12,20241112,2024年/2024年Q4/2024-11/2024-11-12
2024,2024年,2024Q4,2024年Q4,202411,2024-11,20241113,2024-11-13,20241113,2024年/2024年Q4/2024-11/2024-11-13
2024,2024年,2024Q4,2024年Q4,202411,2024-11,20241114,2024-11-14,20241114,2024年/2024年Q4/2024-11/2024-11-14
2024,2024年,2024Q4,2024年Q4,202411,2024-11,20241115,2024-11-15,20241115,2024年/2024年Q4/2024-11/2024-11-15
2024,2024年,2024Q4,2024年Q4,202411,2024-11,20241116,2024-11-16,20241116,2024年/2024年Q4/2024-11/2024-11-16
2024,2024年,2024Q4,2024年Q4,202411,2024-11,20241117,2024-11-17,20241117,2024年/2024年Q4/2024-11/2024-11-17
2024,2024年,2024Q4,2024年Q4,202411,2024-11,20241118,2024-11-18,20241118,2024年/2024年Q4/2024-11/2024-11-18
2024,2024年,2024Q4,2024年Q4,202411,2024-11,20241119,2024-11-19,20241119,2024年/2024年Q4/2024-11/2024-11-19
2024,2024年,2024Q4,2024年Q4,202411,2024-11,20241120,2024-11-20,20241120,2024年/2024年Q4/2024-11/2024-11-20
2024,2024年,2024Q4,2024年Q4,202411,2024-11,20241121,2024-11-21,20241121,2024年/2024年Q4/2024-11/2024-11-21
2024,2024年,2024Q4,2024年Q4,202411,2024-11,20241122,2024-11-22,20241122,2024年/2024年Q4/2024-11/2024-11-22
2024,2024年,2024Q4,2024年Q4,202411,2024-11,20241123,2024-11-23,20241123,2024年/2024年Q4/2024-11/2024-11-23
2024,2024年,2024Q4,2024年Q4,202411,2024-11,20241124,2024-11-24,20241124,2024年/2024年Q4/2024-11/2024-11-24
2024,2024年,2024Q4,2024年Q4,202411,2024-11,20241125,2024-11-25,20241125,2024年/2024年Q4/2024-11/2024-11-25
2024,2024年,2024Q4,2024年Q4,202411,2024-11,20241126,2024-11-26,20241126,2024年/2024年Q4/2024-11/2024-11-26
2024,2024年,2024Q4,2024年Q4,202411,2024-11,20241127,2024-11-27,20241127,2024年/2024年Q4/2024-11/2024-11-27
2024,2024年,2024Q4,2024年Q4,202411,2024-11,20241128,2024-11-28,20241128,2024年/2024年Q4/2024-11/2024-11-28
2024,2024年,2024Q4,2024年Q4,202411,2024-11,20241129,2024-11-29,20241129,2024年/2024年Q4/2024-11/2024-11-29
2024,2024年,2024Q4,2024年Q4,202411,2024-11,20241130,2024-11-30,20241130,2024年/2024年Q4/2024-11/2024-11-30
2024,2024年,2024Q4,2024年Q4,202412,2024-12,20241201,2024-12-01,20241201,2024年/2024年Q4/2024-12/2024-12-01
2024,2024年,2024Q4,2024年Q4,202412,2024-12,20241202,2024-12-02,20241202,2024年/2024年Q4/2024-12/2024-12-02
2024,2024年,2024Q4,2024年Q4,202412,2024-12,20241203,2024-12-03,20241203,2024年/2024年Q4/2024-12/2024-12-03
2024,2024年,2024Q4,2024年Q4,202412,2024-12,20241204,2024-12-04,20241204,2024年/2024年Q4/2024-12/2024-12-04
2024,2024年,2024Q4,2024年Q4,202412,2024-12,20241205,2024-12-05,20241205,2024年/2024年Q4/2024-12/2024-12-05
2024,2024年,2024Q4,2024年Q4,202412,2024-12,20241206,2024-12-06,20241206,2024年/2024年Q4/2024-12/2024-12-06
2024,2024年,2024Q4,2024年Q4,202412,2024-12,20241207,2024-12-07,20241207,2024年/2024年Q4/2024-12/2024-12-07
2024,2024年,2024Q4,2024年Q4,202412,2024-12,20241208,2024-12-08,20241208,2024年/2024年Q4/2024-12/2024-12-08
2024,2024年,2024Q4,2024年Q4,202412,2024-12,20241209,2024-12-09,20241209,2024年/2024年Q4/2024-12/2024-12-09
2024,2024年,2024Q4,2024年Q4,202412,2024-12,20241210,2024-12-10,20241210,2024年/2024年Q4/2024-12/2024-12-10
2024,2024年,2024Q4,2024年Q4,202412,2024-12,20241211,2024-12-11,20241211,2024年/2024年Q4/2024-12/2024-12-11
2024,2024年,2024Q4,2024年Q4,202412,2024-12,20241212,2024-12-12,20241212,2024年/2024年Q4/2024-12/2024-12-12
2024,2024年,2024Q4,2024年Q4,202412,2024-12,20241213,2024-12-13,20241213,2024年/2024年Q4/2024-12/2024-12-13
2024,2024年,2024Q4,2024年Q4,202412,2024-12,20241214,2024-12-14,20241214,2024年/2024年Q4/2024-12/2024-12-14
2024,2024年,2024Q4,2024年Q4,202412,2024-12,20241215,2024-12-15,20241215,2024年/2024年Q4/2024-12/2024-12-15
2024,2024年,2024Q4,2024年Q4,202412,2024-12,20241216,2024-12-16,20241216,2024年/2024年Q4/2024-12/2024-12-16
2024,2024年,2024Q4,2024年Q4,202412,2024-12,20241217,2024-12-17,20241217,2024年/2024年Q4/2024-12/2024-12-17
2024,2024年,2024Q4,2024年Q4,202412,2024-12,20241218,2024-12-18,20241218,2024年/2024年Q4/2024-12/2024-12-18
2024,2024年,2024Q4,2024年Q4,202412,2024-12,20241219,2024-12-19,20241219,2024年/2024年Q4/2024-12/2024-12-19
2024,2024年,2024Q4,2024年Q4,202412,2024-12,20241220,2024-12-20,20241220,2024年/2024年Q4/2024-12/2024-12-20
2024,2024年,2024Q4,2024年Q4,202412,2024-12,20241221,2024-12-21,20241221,2024年/2024年Q4/2024-12/2024-12-21
2024,2024年,2024Q4,2024年Q4,202412,2024-12,20241222,2024-12-22,20241222,2024年/2024年Q4/2024-12/2024-12-22
2024,2024年,2024Q4,2024年Q4,202412,2024-12,20241223,2024-12-23,20241223,2024年/2024年Q4/2024-12/2024-12-23
2024,2024年,2024Q4,2024年Q4,202412,2024-12,20241224,2024-12-24,20241224,2024年/2024年Q4/2024-12/2024-12-24
2024,2024年,2024Q4,2024年Q4,202412,2024-12,20241225,2024-12-25,20241225,2024年/2024年Q4/2024-12/2024-12-25
2024,2024年,2024Q4,2024年Q4,202412,2024-12,20241226,2024-12-26,20241226,2024年/2024年Q4/2024-12/2024-12-26
2024,2024年,2024Q4,2024年Q4,202412,2024-12,20241227,2024-12-27,20241227,2024年/2024年Q4/2024-12/2024-12-27
2024,2024年,2024Q4,2024年Q4,202412,2024-12,20241228,2024-12-28,20241228,2024年/2024年Q4/2024-12/2024-12-28
2024,2024年,2024Q4,2024年Q4,202412,2024-12,20241229,2024-12-29,20241229,2024年/2024年Q4/2024-12/2024-12-29
2024,2024年,2024Q4,2024年Q4,202412,2024-12,20241230,2024-12-30,20241230,2024年/2024年Q4/2024-12/2024-12-30
2024,2024年,2024Q4,2024年Q4,202412,2024-12,20241231,2024-12-31,20241231,2024年/2024年Q4/2024-12/2024-12-31
