customer_sk,customer_code,customer_name,gender,age,customer_level,city,start_date,end_date
1001,C001,张伟,男,32,金卡,北京,2020-01-01,9999-12-31
1002,C002,李娜,女,28,银卡,上海,2021-03-15,9999-12-31
1003,C003,王强,男,45,钻石,广州,2018-06-01,9999-12-31
1004,C004,刘洋,男,25,普通,深圳,2022-08-20,9999-12-31
1005,C005,陈静,女,38,金卡,杭州,2019-11-10,9999-12-31
1006,C006,杨帆,男,30,银卡,成都,2020-05-05,9999-12-31
1007,C007,赵敏,女,42,钻石,北京,2017-02-28,9999-12-31
1008,C008,孙磊,男,35,金卡,上海,2019-07-15,9999-12-31
1009,C009,周芳,女,29,普通,广州,2023-01-10,9999-12-31
1010,C010,吴涛,男,50,钻石,深圳,2015-09-01,9999-12-31
1011,C011,张伟,男,32,银卡,北京,2020-01-01,2021-06-30
1012,C011,张伟,男,32,金卡,北京,2021-07-01,9999-12-31
1013,C012,郑雪,女,26,普通,武汉,2022-03-01,9999-12-31
1014,C013,黄磊,男,33,银卡,南京,2021-12-20,9999-12-31
1015,C014,徐丽,女,40,金卡,天津,2018-08-15,9999-12-31