date_sk,full_date,year,quarter,month,day,week_of_year,day_of_week,is_holiday
20240101,2024-01-01,2024,1,1,1,1,周一,true
20240102,2024-01-02,2024,1,1,2,1,周二,false
20240103,2024-01-03,2024,1,1,3,1,周三,false
20240104,2024-01-04,2024,1,1,4,1,周四,false
20240105,2024-01-05,2024,1,1,5,1,周五,false
20240106,2024-01-06,2024,1,1,6,1,周六,true
20240107,2024-01-07,2024,1,1,7,1,周日,true
20240108,2024-01-08,2024,1,1,8,2,周一,false
20240109,2024-01-09,2024,1,1,9,2,周二,false
20240110,2024-01-10,2024,1,1,10,2,周三,false
20240111,2024-01-11,2024,1,1,11,2,周四,false
20240112,2024-01-12,2024,1,1,12,2,周五,false
20240113,2024-01-13,2024,1,1,13,2,周六,true
20240114,2024-01-14,2024,1,1,14,2,周日,true
20240115,2024-01-15,2024,1,1,15,3,周一,false
20240201,2024-02-01,2024,1,2,1,5,周四,false
20240209,2024-02-09,2024,1,2,9,6,周五,false
20240210,2024-02-10,2024,1,2,10,6,周六,true
20240211,2024-02-11,2024,1,2,11,7,周日,true
20240212,2024-02-12,2024,1,2,12,7,周一,true
20240213,2024-02-13,2024,1,2,13,7,周二,true
20240214,2024-02-14,2024,1,2,14,7,周三,true
20240215,2024-02-15,2024,1,2,15,7,周四,true
20240216,2024-02-16,2024,1,2,16,7,周五,true
20240301,2024-03-01,2024,1,3,1,9,周五,false
20240404,2024-04-04,2024,2,4,4,14,周四,true
20240501,2024-05-01,2024,2,5,1,18,周三,true
20240601,2024-06-01,2024,2,6,1,23,周六,true
20240915,2024-09-15,2024,3,9,15,38,周日,true
20241001,2024-10-01,2024,4,10,1,40,周二,true
20241002,2024-10-02,2024,4,10,2,40,周三,true
20241003,2024-10-03,2024,4,10,3,40,周四,true
20241004,2024-10-04,2024,4,10,4,40,周五,true
20241005,2024-10-05,2024,4,10,5,40,周六,true
20241006,2024-10-06,2024,4,10,6,40,周日,true
20241224,2024-12-24,2024,4,12,24,52,周二,false
20241225,2024-12-25,2024,4,12,25,52,周三,true
20241231,2024-12-31,2024,4,12,31,52,周二,false