product_sk,sku_code,product_name,brand_id,category_l1,category_l2,category_l3,unit,list_price,cost_price
3001,P001,iPhone 15 Pro Max 256G,1,电子产品,手机,智能手机,台,9999.00,7200.00
3002,P002,iPhone 15 128G,1,电子产品,手机,智能手机,台,5999.00,4300.00
3003,P003,MacBook Pro 14 M3,1,电子产品,电脑,笔记本电脑,台,14999.00,10800.00
3004,P004,Galaxy S24 Ultra,2,电子产品,手机,智能手机,台,9699.00,6900.00
3005,P005,HUAWEI Mate 60 Pro,3,电子产品,手机,智能手机,台,6999.00,5200.00
3006,P006,小米14 Ultra,4,电子产品,手机,智能手机,台,5999.00,4100.00
3007,P007,AirPods Pro 2,1,电子产品,耳机,无线耳机,副,1899.00,1100.00
3008,P008,Sony WH-1000XM5,2,电子产品,耳机,降噪耳机,副,2899.00,1900.00
3009,P009,运动T恤 M码,9,服装,运动服饰,T恤,件,299.00,120.00
3010,P010,跑步鞋 Air Zoom,9,服装,鞋类,跑步鞋,双,899.00,450.00
3011,P011,男士运动外套,10,服装,运动服饰,外套,件,599.00,280.00
3012,P012,Adidas Ultraboost,10,服装,鞋类,跑步鞋,双,1299.00,720.00
3013,P013,力士沐浴露 500ml,5,日用百货,洗护用品,沐浴露,瓶,49.90,18.50
3014,P014,夏士莲洗发水 400ml,5,日用百货,洗护用品,洗发水,瓶,35.80,13.20
3015,P015,雀巢咖啡 速溶 100条,6,食品饮料,咖啡,速溶咖啡,盒,128.00,62.00
3016,P016,可口可乐 330ml x24,8,食品饮料,碳酸饮料,可乐,箱,69.90,38.50
3017,P017,百事可乐 500ml x12,7,食品饮料,碳酸饮料,可乐,箱,45.90,25.00
3018,P018,三星电视 65寸 Neo QLED,2,电子产品,电视,智能电视,台,12999.00,9200.00