order_id,order_no,order_date_sk,customer_sk,store_sk,order_status,order_amount,discount_amount,pay_amount
10001,SO20240102001,20240102,1001,2001,已完成,12398.00,500.00,11898.00
10002,SO20240102002,20240102,1002,2002,已完成,299.00,0.00,299.00
10003,SO20240103001,20240103,1003,2003,已完成,9999.00,800.00,9199.00
10004,SO20240103002,20240103,1005,2001,已完成,1899.00,100.00,1799.00
10005,SO20240104001,20240104,1007,2002,已完成,15298.00,1200.00,14098.00
10006,SO20240105001,20240105,1004,2004,已发货,5999.00,300.00,5699.00
10007,SO20240108001,20240108,1008,2008,已完成,2598.00,200.00,2398.00
10008,SO20240109001,20240109,1010,2004,已完成,22998.00,2000.00,20998.00
10009,SO20240110001,20240110,1006,2006,已完成,11498.00,900.00,10598.00
10010,SO20240111001,20240111,1014,2010,已支付,1899.00,0.00,1899.00
10011,SO20240112001,20240112,1015,2007,已完成,1798.70,200.00,1598.70
10012,SO20240115001,20240115,1012,2001,已完成,12398.00,500.00,11898.00
10013,SO20240201001,20240201,1001,2001,已完成,5999.00,300.00,5699.00
10014,SO20240212001,20240212,1003,2003,已完成,14999.00,1500.00,13499.00
10015,SO20240214001,20240214,1005,2005,已完成,899.00,50.00,849.00
10016,SO20240301001,20240301,1009,2006,已发货,158.90,0.00,158.90
10017,SO20240404001,20240404,1007,2001,已完成,12999.00,1000.00,11999.00
10018,SO20240501001,20240501,1010,2004,已完成,22998.00,2500.00,20498.00
10019,SO20240601001,20240601,1002,2002,已取消,2899.00,0.00,0.00
10020,SO20241001001,20241001,1001,2001,已支付,18998.00,2000.00,16998.00
10021,SO20241002001,20241002,1003,2003,已支付,9699.00,600.00,9099.00
10022,SO20241003001,20241003,1004,2004,待支付,6999.00,400.00,6599.00
10023,SO20241004001,20241004,1005,2005,已发货,3598.00,300.00,3298.00
10024,SO20241005001,20241005,1006,2006,已支付,1899.00,0.00,1899.00
10025,SO20241224001,20241224,1008,2008,已完成,2298.00,200.00,2098.00
10026,SO20241225001,20241225,1007,2001,已完成,14999.00,1500.00,13499.00
10027,SO20241231001,20241231,1010,2004,已支付,25997.00,3000.00,22997.00