item_id,order_id,order_date_sk,customer_sk,store_sk,product_sk,brand_id,quantity,unit_price,amount,cost_amount,profit,category_id
50001,10001,20240102,1001,2001,3001,1,1.0000,9999.00,9999.00,7200.00,2799.00,C_ELEC_PHONE_SMART
50002,10001,20240102,1001,2001,3010,9,1.0000,899.00,899.00,450.00,449.00,C_APPAREL_SHOES_RUN
50003,10001,20240102,1001,2001,3007,1,1.0000,1899.00,1899.00,1100.00,799.00,C_ELEC_EAR_WIRELESS
50004,10002,20240102,1002,2002,3009,9,1.0000,299.00,299.00,120.00,179.00,C_APPAREL_SPORT_TEE
50005,10003,20240103,1003,2003,3002,1,1.0000,9999.00,9999.00,7200.00,2799.00,C_ELEC_PHONE_SMART
50006,10004,20240103,1005,2001,3007,1,1.0000,1899.00,1899.00,1100.00,799.00,C_ELEC_EAR_WIRELESS
50007,10005,20240104,1007,2002,3003,1,1.0000,14999.00,14999.00,10800.00,4199.00,C_ELEC_PC_LAPTOP
50008,10005,20240104,1007,2002,3007,1,1.0000,1899.00,1899.00,1100.00,799.00,C_ELEC_EAR_WIRELESS
50009,10005,20240104,1007,2002,3009,9,1.0000,299.00,299.00,120.00,179.00,C_APPAREL_SPORT_TEE
50010,10006,20240105,1004,2004,3004,2,1.0000,5999.00,5999.00,4300.00,1699.00,C_ELEC_PHONE_SMART
50011,10007,20240108,1008,2008,3008,2,1.0000,2899.00,2899.00,1900.00,999.00,C_ELEC_EAR_ANC
50012,10008,20240109,1010,2004,3018,2,1.0000,12999.00,12999.00,9200.00,3799.00,C_ELEC_TV_SMART
50013,10008,20240109,1010,2004,3005,3,1.0000,6999.00,6999.00,5200.00,1799.00,C_ELEC_PHONE_SMART
50014,10008,20240109,1010,2004,3006,4,1.0000,2999.00,2999.00,2100.00,899.00,C_ELEC_PHONE_SMART
50015,10009,20240110,1006,2006,3003,1,1.0000,14999.00,14999.00,10800.00,4199.00,C_ELEC_PC_LAPTOP
50016,10010,20240111,1014,2010,3007,1,1.0000,1899.00,1899.00,1100.00,799.00,C_ELEC_EAR_WIRELESS
50017,10011,20240112,1015,2007,3013,5,3.0000,49.90,149.70,55.50,94.20,C_DAILY_CARE_BODY
50018,10011,20240112,1015,2007,3014,5,2.0000,35.80,71.60,26.40,45.20,C_DAILY_CARE_HAIR
50019,10011,20240112,1015,2007,3010,9,1.0000,899.00,899.00,450.00,449.00,C_APPAREL_SHOES_RUN
50020,10011,20240112,1015,2007,3015,6,1.0000,128.00,128.00,62.00,66.00,C_FOOD_COFFEE_INST
50021,10011,20240112,1015,2007,3016,8,1.0000,69.90,69.90,38.50,31.40,C_FOOD_SODA_COLA
50022,10011,20240112,1015,2007,3017,7,1.0000,45.90,45.90,25.00,20.90,C_FOOD_SODA_COLA
50023,10012,20240115,1012,2001,3001,1,1.0000,9999.00,9999.00,7200.00,2799.00,C_ELEC_PHONE_SMART
50024,10012,20240115,1012,2001,3010,9,1.0000,899.00,899.00,450.00,449.00,C_APPAREL_SHOES_RUN
50025,10012,20240115,1012,2001,3007,1,1.0000,1899.00,1899.00,1100.00,799.00,C_ELEC_EAR_WIRELESS
50026,10013,20240201,1001,2001,3002,1,1.0000,5999.00,5999.00,4300.00,1699.00,C_ELEC_PHONE_SMART
50027,10014,20240212,1003,2003,3003,1,1.0000,14999.00,14999.00,10800.00,4199.00,C_ELEC_PC_LAPTOP
50028,10015,20240214,1005,2005,3011,10,1.0000,599.00,599.00,280.00,319.00,C_APPAREL_SPORT_COAT
50029,10015,20240214,1005,2005,3012,10,0.5000,1200.00,600.00,360.00,240.00,C_APPAREL_SHOES_RUN
50030,10016,20240301,1009,2006,3014,5,2.0000,35.80,71.60,26.40,45.20,C_DAILY_CARE_HAIR
50031,10016,20240301,1009,2006,3017,7,2.0000,45.90,91.80,50.00,41.80,C_FOOD_SODA_COLA
50032,10017,20240404,1007,2001,3018,2,1.0000,12999.00,12999.00,9200.00,3799.00,C_ELEC_TV_SMART
50033,10018,20240501,1010,2004,3003,1,1.0000,14999.00,14999.00,10800.00,4199.00,C_ELEC_PC_LAPTOP
50034,10018,20240501,1010,2004,3005,3,1.0000,6999.00,6999.00,5200.00,1799.00,C_ELEC_PHONE_SMART
50035,10018,20240501,1010,2004,3004,2,1.0000,9999.00,9999.00,6900.00,3099.00,C_ELEC_PHONE_SMART
50036,10020,20241001,1001,2001,3003,1,1.0000,14999.00,14999.00,10800.00,4199.00,C_ELEC_PC_LAPTOP
50037,10020,20241001,1001,2001,3007,1,2.0000,1899.00,3798.00,2200.00,1598.00,C_ELEC_EAR_WIRELESS
50038,10020,20241001,1001,2001,3009,9,1.0000,299.00,299.00,120.00,179.00,C_APPAREL_SPORT_TEE
50039,10021,20241002,1003,2003,3004,2,1.0000,9699.00,9699.00,6900.00,2799.00,C_ELEC_PHONE_SMART
50040,10022,20241003,1004,2004,3005,3,1.0000,6999.00,6999.00,5200.00,1799.00,C_ELEC_PHONE_SMART
50041,10023,20241004,1005,2005,3012,10,1.0000,1299.00,1299.00,720.00,579.00,C_APPAREL_SHOES_RUN
50042,10023,20241004,1005,2005,3011,10,1.0000,599.00,599.00,280.00,319.00,C_APPAREL_SPORT_COAT
50043,10023,20241004,1005,2005,3010,9,1.0000,899.00,899.00,450.00,449.00,C_APPAREL_SHOES_RUN
50044,10024,20241005,1006,2006,3008,2,1.0000,2899.00,2899.00,1900.00,999.00,C_ELEC_EAR_ANC
50045,10025,20241224,1008,2008,3009,9,2.0000,299.00,598.00,240.00,358.00,C_APPAREL_SPORT_TEE
50046,10025,20241224,1008,2008,3010,9,1.0000,899.00,899.00,450.00,449.00,C_APPAREL_SHOES_RUN
50047,10025,20241224,1008,2008,3011,10,1.0000,599.00,599.00,280.00,319.00,C_APPAREL_SPORT_COAT
50048,10026,20241225,1007,2001,3003,1,1.0000,14999.00,14999.00,10800.00,4199.00,C_ELEC_PC_LAPTOP
50049,10027,20241231,1010,2004,3001,1,1.0000,9999.00,9999.00,7200.00,2799.00,C_ELEC_PHONE_SMART
50050,10027,20241231,1010,2004,3003,1,1.0000,14999.00,14999.00,10800.00,4199.00,C_ELEC_PC_LAPTOP
50051,10027,20241231,1010,2004,3008,2,0.5000,2000.00,1000.00,750.00,250.00,C_ELEC_EAR_ANC
