assignment_id,employee_id,project_id,role,join_date,leave_date
A1,101,P1,Developer,2023-01-10,2024-06-30
A2,103,P1,Senior Developer,2023-01-10,2024-06-30
A3,106,P1,Developer,2023-06-01,2024-06-30
A4,109,P1,Tech Lead,2023-01-10,2024-06-30
A5,102,P2,Project Manager,2023-03-01,2023-12-15
A6,105,P2,Data Analyst,2023-03-01,2023-12-15
A7,110,P3,HR Specialist,2023-05-20,2024-01-31
A8,107,P4,Finance Lead,2022-11-01,2023-10-31
A9,101,P5,Backend Engineer,2024-02-01,
A10,103,P5,Architect,2024-02-01,
A11,109,P5,AI Lead,2024-02-01,
A12,105,P6,Sales Analyst,2024-01-15,