attendance_id,employee_id,attendance_date,check_in,check_out,status
AT1,101,2024-01-02,08:55,18:10,present
AT2,101,2024-01-03,09:02,18:05,present
AT3,102,2024-01-02,08:50,18:30,present
AT4,102,2024-01-03,09:15,17:00,late
AT5,103,2024-01-02,08:45,19:00,present
AT6,103,2024-01-03,08:48,18:45,present
AT7,105,2024-01-02,09:00,18:00,present
AT8,105,2024-01-03,, ,absent
AT9,106,2024-01-02,08:52,18:20,present
AT10,106,2024-01-03,08:58,18:15,present
AT11,107,2024-01-02,08:50,17:55,present
AT12,107,2024-01-03,09:10,18:00,late
AT13,109,2024-01-02,08:30,19:30,present
AT14,109,2024-01-03,08:35,19:15,present
AT15,110,2024-01-02,09:05,18:00,present
AT16,110,2024-01-03,08:58,17:50,present