id,name,department,salary,hire_date,active
101,Alice Engineering,Engineering,95000.00,2022-03-15,true
102,Bob Smith,Sales,78000.50,2021-07-22,true
103,Carol White,Engineering,110000.00,2020-01-08,true
104,David Brown,HR,65000.00,2023-11-01,false
105,Eva Martinez,Sales,82500.75,2022-06-30,true
106,Frank Lee,Engineering,105000.00,2021-09-14,true
107,Grace Kim,Finance,88000.00,2020-05-19,true
108,Henry Davis,Sales,72000.25,2023-02-28,false
109,Ivy Chen,Engineering,115000.00,2019-12-03,true
110,Jack Wilson,HR,68500.00,2022-08-17,true