history_id,employee_id,effective_date,salary,change_type
S1,101,2022-03-15,90000.00,hire
S2,101,2023-03-15,95000.00,raise
S3,102,2021-07-22,75000.00,hire
S4,102,2022-07-22,77000.00,raise
S5,102,2023-07-22,78000.50,raise
S6,103,2020-01-08,95000.00,hire
S7,103,2021-01-08,100000.00,raise
S8,103,2022-01-08,105000.00,raise
S9,103,2023-01-08,110000.00,raise
S10,104,2023-11-01,65000.00,hire
S11,105,2022-06-30,80000.00,hire
S12,105,2023-06-30,82500.75,raise
S13,106,2021-09-14,100000.00,hire
S14,106,2022-09-14,103000.00,raise
S15,106,2023-09-14,105000.00,raise
S16,107,2020-05-19,80000.00,hire
S17,107,2021-05-19,84000.00,raise
S18,107,2022-05-19,88000.00,raise
S19,108,2023-02-28,72000.25,hire
S20,109,2019-12-03,100000.00,hire
S21,109,2020-12-03,105000.00,raise
S22,109,2021-12-03,110000.00,raise
S23,109,2022-12-03,115000.00,raise
S24,110,2022-08-17,66000.00,hire
S25,110,2023-08-17,68500.00,raise