id;name;code;jhi_desc;jhi_group;type;config;status;update_time;create_time;creater;tenant_id;dr
1;数据源输入;StreamJdbcInput;数据源输入组件;basic;0;[{"key": "sourceId", "label": "数据源", "defaultValue": "1","required": true,"description":" 选择数据源作为输入 ","show": true,"controlType":"SELECTDATASOURCE","parameterType":"LONG"}, {"key":"table","label":" 表名 ","defaultValue":"1", "required": true, "description": "选择数据源表作为输入", "show": true, "model": false, "controlType": "SELECTNEWTABLE", "parameterType": "STRING"}, {"key": "table_query_columns", "label": "输出字段", "defaultValue": "1","required": true,"description":" 为空表示选择所有列 ","show": true,"controlType":"FIELDCHECKBOX","parameterType":"STRING","model": false,"expression": {"getDB":"sourceId","getTable":"table","DisplayAlias": true}}, {"key":"where","label":"where 条件 ","defaultValue":"1", "required": false, "description": "只限于 where 之后语句，不能使用中文字段", "show": true, "maxLength": 2000, "rows": 2, "controlType": "TEXTAREA", "parameterType": "STRING"}, {"key": "ytenant0", "label": "包含 0 租户", "defaultValue": "false", "required": false, "description": "租户运行时是否包含当前租户之后 0 租户的数据", "show": false, "checked": false, "controlType": "SWITCH", "parameterType": "BOOLEAN"}, {"key": "incrColumn", "label": "增量字段", "defaultValue": "1","required": false,"description":" 选择增量字段作为任务保存状态 ","show": true,"tableId": 0,"model": false,"controlType":"FIELDRADIO","parameterType":"STRING","expression": {"getDB":"sourceId","getTable":"table"}}, {"key":"maxRowsPerPartition","label":" 分区批处理数 ","defaultValue":"20000","minValue": 1000,"maxValue": 200000,"precision": 0,"required": true,"description":" 每个分区的记录数 ","show": true,"controlType":"INPUTNUMBER","parameterType":"INTEGER"}];0;2024-12-13T04:17:08;2024-12-13T06:46:57;admin;0;0
2;SQL组件;StreamSqlUnit;SQL组件;basic;0;[{"key": "sourceId", "label": "数据源", "defaultValue": "1","required": true,"description":" 选择数据源作为输入 ","show": true,"controlType":"SELECTDATASOURCE","parameterType":"LONG"}, {"key":"table","label":" 表名 ","defaultValue":"1", "required": true, "description": "选择数据源表作为输入", "show": true, "model": false, "controlType": "SELECTNEWTABLE", "parameterType": "STRING"}, {"key": "table_query_columns", "label": "输出字段", "defaultValue": "1","required": true,"description":" 为空表示选择所有列 ","show": true,"controlType":"FIELDCHECKBOX","parameterType":"STRING","model": false,"expression": {"getDB":"sourceId","getTable":"table","DisplayAlias": true}}, {"key":"where","label":"where 条件 ","defaultValue":"1", "required": false, "description": "只限于 where 之后语句，不能使用中文字段", "show": true, "maxLength": 2000, "rows": 2, "controlType": "TEXTAREA", "parameterType": "STRING"}, {"key": "ytenant0", "label": "包含 0 租户", "defaultValue": "false", "required": false, "description": "租户运行时是否包含当前租户之后 0 租户的数据", "show": false, "checked": false, "controlType": "SWITCH", "parameterType": "BOOLEAN"}, {"key": "incrColumn", "label": "增量字段", "defaultValue": "1","required": false,"description":" 选择增量字段作为任务保存状态 ","show": true,"tableId": 0,"model": false,"controlType":"FIELDRADIO","parameterType":"STRING","expression": {"getDB":"sourceId","getTable":"table"}}, {"key":"maxRowsPerPartition","label":" 分区批处理数 ","defaultValue":"20000","minValue": 1000,"maxValue": 200000,"precision": 0,"required": true,"description":" 每个分区的记录数 ","show": true,"controlType":"INPUTNUMBER","parameterType":"INTEGER"}];0;2024-12-13T05:47:18;2024-12-12T15:39:46;admin;0;0
3;注册表;DuckDBRegister;DuckDBRegister;basic;0;;0;2024-12-12T22:14:24;2024-12-12T19:05:10;admin;0;0
4;Mysql CDC;MySQLBinlogInput;Mysql CDC;basic;0;;0;2024-12-12T22:14:24;2024-12-12T19:05:10;admin;0;0
5;数据生成;GenerateFlowFile;数据生成;basic;0;;0;2024-12-12T22:14:24;2024-12-12T19:05:10;admin;0;0
6;数据源输出;StreamJdbcOutput;数据源输出;basic;0;[{"key": "sourceId", "label": "数据源", "defaultValue": "1","required": true,"description":" 选择数据源作为输入 ","show": true,"controlType":"SELECTDATASOURCE","parameterType":"LONG"}, {"key":"table","label":" 表名 ","defaultValue":"1", "required": true, "description": "选择数据源表作为输入", "show": true, "model": false, "controlType": "SELECTNEWTABLE", "parameterType": "STRING"}, {"key": "table_query_columns", "label": "输出字段", "defaultValue": "1","required": true,"description":" 为空表示选择所有列 ","show": true,"controlType":"FIELDCHECKBOX","parameterType":"STRING","model": false,"expression": {"getDB":"sourceId","getTable":"table","DisplayAlias": true}}, {"key":"where","label":"where 条件 ","defaultValue":"1", "required": false, "description": "只限于 where 之后语句，不能使用中文字段", "show": true, "maxLength": 2000, "rows": 2, "controlType": "TEXTAREA", "parameterType": "STRING"}, {"key": "ytenant0", "label": "包含 0 租户", "defaultValue": "false", "required": false, "description": "租户运行时是否包含当前租户之后 0 租户的数据", "show": false, "checked": false, "controlType": "SWITCH", "parameterType": "BOOLEAN"}, {"key": "incrColumn", "label": "增量字段", "defaultValue": "1","required": false,"description":" 选择增量字段作为任务保存状态 ","show": true,"tableId": 0,"model": false,"controlType":"FIELDRADIO","parameterType":"STRING","expression": {"getDB":"sourceId","getTable":"table"}}, {"key":"maxRowsPerPartition","label":" 分区批处理数 ","defaultValue":"20000","minValue": 1000,"maxValue": 200000,"precision": 0,"required": true,"description":" 每个分区的记录数 ","show": true,"controlType":"INPUTNUMBER","parameterType":"INTEGER"}];0;2024-12-12T22:14:24;2024-12-12T19:05:10;admin;0;0
7;DuckDBSql;DuckDBSql;DuckDBSql;basic;0;;0;2024-12-12T22:14:24;2024-12-12T19:05:10;admin;0;0
8;写入DuckDB;DuckDBWrite;DuckDBWrite;basic;0;;0;2024-12-12T22:14:24;2024-12-12T19:05:10;admin;0;0
9;Channel;Channel;Channel;basic;0;;0;2024-12-12T22:14:24;2024-12-12T19:05:10;admin;0;0
10;JAVA脚本;JavaScriptComponent;JAVA脚本;basic;0;;0;2024-12-12T22:14:24;2024-12-12T19:05:10;admin;0;0
11;日志输出;LogFlowFile;日志输出;basic;0;;0;2024-12-12T22:14:24;2024-12-12T19:05:10;admin;0;
